model,valid_accuracy,valid_binary_f1,valid_macro_f1,test_accuracy,test_binary_f1,test_macro_f1,test_false_recall,test_auc_roc
Improved Linear: text + metadata + history,0.778816199376947,0.8463203463203464,0.7259379509379509,0.7782162588792423,0.8510863804981452,0.7083870851486089,0.5366568914956011,0.801026709652084
Final XGBoost: text + metadata + history + LSH,0.8084112149532711,0.8739754098360656,0.7373123802427082,0.8018942383583267,0.8740592072252885,0.7050517847586701,0.4252199413489736,0.8526392961876832
Final Linear: text + metadata + history + LSH,0.7904984423676013,0.8545159545700378,0.7401926087175641,0.7719021310181531,0.8474934036939314,0.6976121165574509,0.5131964809384164,0.793939182812589
Improved Linear: text + metadata,0.6783489096573209,0.7946295375435107,0.5265786825958128,0.6898184688239937,0.8057340583292141,0.5183269117477773,0.17302052785923755,0.5737444816731379
Baseline: TF-IDF + Naive Bayes,0.7126168224299065,0.8281322775966465,0.4758238585132876,0.7300710339384373,0.8416666666666667,0.46361408199643495,0.0469208211143695,0.659114660856457
